City,Lat,Lng,Max Temp,Humidity,Cloudiness,Wind Speed,Country,Date
Ca Mau,9.1769,105.15,83.37,66,99,12.35,VN,1639706254
Ukiah,39.1502,-123.2078,44.73,95,9,2.82,US,1639706278
Hailar,49.2,119.7,-6.9,90,17,9.31,CN,1639706278
Bredasdorp,-34.5322,20.0403,57.27,69,7,17.43,ZA,1639706278
Praia da Vitória,38.7333,-27.0667,62.85,88,75,26.96,PT,1639706278
Aswān,24.0934,32.907,54.86,50,100,9.06,EG,1639706274
Barrow,71.2906,-156.7887,-9.38,77,75,27.63,US,1639706279
Bluff,-46.6,168.3333,61.81,69,79,26.28,NZ,1639706078
Omboué,-1.5746,9.2618,73.67,88,100,3.83,GA,1639706280
Ushuaia,-54.8,-68.3,46.06,87,90,6.91,AR,1639706280
New Norfolk,-42.7826,147.0587,72.64,30,84,3.0,AU,1639706280
Hilo,19.7297,-155.09,76.12,2,77,6.02,US,1639706280
Busselton,-33.65,115.3333,67.05,53,79,17.87,AU,1639706281
Shuiji,27.4214,118.345,57.87,80,92,5.3,CN,1639706281
Hermanus,-34.4187,19.2345,57.79,73,0,25.28,ZA,1639706281
Sande,53.5049,8.0142,44.98,94,96,6.4,DE,1639706281
Yellowknife,62.456,-114.3525,-19.68,76,90,6.91,CA,1639706282
Severo-Kuril'sk,50.6789,156.125,23.36,68,97,9.24,RU,1639706282
Ponta do Sol,32.6667,-17.1,62.85,73,7,8.19,PT,1639706282
Mataura,-46.1927,168.8643,61.48,39,44,10.11,NZ,1639706282
Ulfborg,56.2673,8.3217,41.97,94,7,9.75,DK,1639706283
Padang,-0.9492,100.3543,73.45,97,100,5.68,ID,1639706146
Karratha,-20.7377,116.8463,94.15,25,0,14.18,AU,1639706284
Rikitea,-23.1203,-134.9692,75.81,72,45,16.44,PF,1639706284
Hobart,-42.8794,147.3294,71.37,46,20,1.01,AU,1639706160
San Miguel de Tucumán,-26.8241,-65.2226,73.4,83,0,6.91,AR,1639706284
Lovozero,68.005,35.0117,15.71,96,100,4.45,RU,1639706285
Puerto Ayacucho,5.6639,-67.6236,79.83,74,100,5.37,VE,1639706285
Tuktoyaktuk,69.4541,-133.0374,-27.4,68,20,10.36,CA,1639706285
Sing Buri,14.85,100.2333,78.48,57,16,9.26,TH,1639706286
Weligama,5.9667,80.4167,78.53,84,54,0.83,LK,1639706286
Castro,-24.7911,-50.0119,66.38,96,40,4.5,BR,1639706286
Albany,42.6001,-73.9662,53.62,64,100,8.5,US,1639706287
Ribeira Grande,38.5167,-28.7,61.43,69,100,19.91,PT,1639706287
São Miguel do Araguaia,-13.275,-50.1628,71.69,96,100,2.91,BR,1639706287
Jerantut,3.936,102.3626,73.44,99,100,1.66,MY,1639706287
Villa Carlos Paz,-31.4241,-64.4978,65.84,37,0,3.0,AR,1639706288
East London,-33.0153,27.9116,61.36,57,95,8.61,ZA,1639706288
Salta,-24.7859,-65.4117,66.67,89,90,3.44,AR,1639706288
Batagay,67.6333,134.6333,-44.59,100,79,1.39,RU,1639706288
Vostok,46.4856,135.8833,-10.98,79,26,4.81,RU,1639706289
Fortuna,40.5982,-124.1573,45.59,71,20,0.0,US,1639706289
Narovchat,53.8765,43.6946,32.45,97,100,11.3,RU,1639706289
Mozelos,41.8677,-8.3978,46.72,64,21,4.47,PT,1639706290
Kapaa,22.0752,-159.319,77.49,74,32,3.0,US,1639706290
Lázaro Cárdenas,17.9583,-102.2,77.76,81,2,3.91,MX,1639706290
Nikolskoye,59.7035,30.7861,33.69,96,51,6.04,RU,1639706290
Stromness,58.965,-3.296,48.16,85,90,14.79,GB,1639706291
Bama,11.5221,13.6856,65.23,56,93,7.05,NG,1639706291
Itaituba,-4.2761,-55.9836,78.96,94,75,3.44,BR,1639706291
Vestmannaeyjar,63.4427,-20.2734,45.57,80,100,16.93,IS,1639706292
Jamestown,42.097,-79.2353,52.21,59,98,15.01,US,1639706352
Delfzijl,53.33,6.9181,45.88,97,82,1.99,NL,1639706352
Krasnosel'kup,65.7,82.4667,-34.42,100,100,2.46,RU,1639706352
Cape Town,-33.9258,18.4232,59.4,70,0,4.0,ZA,1639706343
Punta Arenas,-53.15,-70.9167,53.71,71,0,19.57,CL,1639706353
Namatanai,-3.6667,152.4333,85.32,70,95,8.39,PG,1639706353
Bengkulu,-3.8004,102.2655,75.76,93,100,2.3,ID,1639706290
Tessalit,20.1986,1.0114,68.59,23,0,11.41,ML,1639706354
Buala,-8.145,159.5921,84.76,74,93,4.47,SB,1639706354
Chokurdakh,70.6333,147.9167,-25.4,98,91,9.55,RU,1639706355
Savannakhet,16.566,104.751,68.02,77,20,2.3,LA,1639706355
Thompson,55.7435,-97.8558,-5.64,77,90,13.8,CA,1639706355
Carnarvon,-24.8667,113.6333,75.27,53,75,16.11,AU,1639706356
Presidencia Roque Sáenz Peña,-26.7852,-60.4388,75.27,46,15,5.37,AR,1639706356
Tabou,4.423,-7.3528,78.57,83,34,5.99,CI,1639706356
Port Lincoln,-34.7333,135.8667,86.63,31,100,18.66,AU,1639706357
Cockburn Town,21.4612,-71.1419,78.76,73,40,18.41,TC,1639706357
Mil'kovo,54.7167,158.6167,8.35,82,76,4.12,RU,1639706357
Vaini,-21.2,-175.2,86.16,84,20,11.5,TO,1639706357
Cabo San Lucas,22.8909,-109.9124,73.94,77,100,6.82,MX,1639706358
Umeå,63.8284,20.2597,37.33,81,0,16.11,SE,1639706358
George Town,5.4112,100.3354,76.95,91,40,7.0,MY,1639706291
Qaanaaq,77.484,-69.3632,-4.31,97,100,2.15,GL,1639706359
Kaitangata,-46.2817,169.8464,62.92,49,47,10.04,NZ,1639706359
Giddalūr,15.35,78.9167,66.42,84,23,2.24,IN,1639706359
Tasiilaq,65.6145,-37.6368,30.9,98,100,1.23,GL,1639706359
Bushehr,28.9684,50.8385,69.19,66,75,7.78,IR,1639706360
Itapeva,-23.9822,-48.8756,68.43,95,5,4.38,BR,1639706360
Allāpalli,19.4167,80.0667,60.51,63,99,1.74,IN,1639706360
Faanui,-16.4833,-151.75,81.77,72,16,9.15,PF,1639706360
Tilichiki,60.4667,166.1,-14.03,95,55,9.06,RU,1639706361
Aleksandrov Gay,50.147,48.5704,29.64,95,15,8.01,RU,1639706361
Kavieng,-2.5744,150.7967,84.42,69,100,0.43,PG,1639706361
Macaúbas,-13.0194,-42.6986,68.49,89,93,1.9,BR,1639706361
Soyo,-6.1349,12.3689,76.15,90,100,10.63,AO,1639706362
Lavrentiya,65.5833,-171.0,6.66,92,100,7.74,RU,1639706363
Lewiston,44.1003,-70.2148,36.21,99,100,6.17,US,1639706363
Bārdoli,21.1167,73.1167,58.75,43,53,5.79,IN,1639706363
Nyurba,63.2842,118.3319,-26.57,100,94,2.64,RU,1639706363
Lagoa,39.05,-27.9833,59.5,74,100,23.78,PT,1639706364
Mae Hong Son,19.3003,97.9685,60.94,100,40,0.0,TH,1639706364
Upernavik,72.7868,-56.1549,-0.99,93,100,4.83,GL,1639706364
Huarmey,-10.0681,-78.1522,68.56,83,16,6.53,PE,1639706364
Borovoy,55.4333,86.0833,20.48,86,40,8.95,RU,1639706365
Port Elizabeth,-33.918,25.5701,57.49,67,20,5.75,ZA,1639706365
Atuona,-9.8,-139.0333,78.3,70,47,12.28,PF,1639706365
Nome,64.5011,-165.4064,19.47,86,90,19.57,US,1639706366
Margate,51.3813,1.3862,47.68,88,4,1.99,GB,1639706184
Touros,-5.1989,-35.4608,81.5,77,14,12.44,BR,1639706300
Tiksi,71.6872,128.8694,-23.19,100,100,3.38,RU,1639706128
Fukuechō,32.6881,128.8419,49.89,67,100,34.52,JP,1639706427
Cam Ranh,11.9214,109.1591,78.76,65,40,6.91,VN,1639706130
Eskil,38.4017,33.4131,35.58,99,100,8.93,TR,1639706429
Saint George,37.1041,-113.5841,38.59,64,20,1.99,US,1639706429
Jining,35.405,116.5814,32.83,25,0,18.19,CN,1639706429
Lebu,-37.6167,-73.65,54.32,91,0,5.46,CL,1639706429
Shitanjing,39.2342,106.3439,12.99,31,0,3.65,CN,1639706429
Narsaq,60.9167,-46.05,19.62,74,100,3.27,GL,1639706430
Iralaya,15.0,-83.2333,78.28,87,100,11.48,HN,1639706430
Senno,59.5336,33.9167,30.25,93,100,7.87,RU,1639706430
Airai,-8.9266,125.4092,78.53,45,7,2.01,TL,1639706298
Seddon,-37.8068,144.8916,81.48,36,0,5.01,AU,1639706431
Butaritari,3.0707,172.7902,82.54,71,75,12.86,KI,1639706432
Tefé,-3.3542,-64.7114,75.27,97,88,1.3,BR,1639706170
Lompoc,34.6391,-120.4579,53.4,90,40,8.05,US,1639706433
Isabela,6.7085,121.9711,82.9,81,99,14.92,PH,1639706433
Batu,-7.87,112.5283,73.94,74,100,1.5,ID,1639706177
Port Alfred,-33.5906,26.891,57.99,58,30,7.96,ZA,1639706434
Alice Springs,-23.7,133.8833,96.35,13,0,10.36,AU,1639706409
Dingle,10.9995,122.6711,76.23,95,100,12.8,PH,1639706435
Grindavik,63.8424,-22.4338,43.27,75,75,23.02,IS,1639706435
Tayginka,55.6244,60.5076,24.67,85,100,8.01,RU,1639706436
Gogrial,8.5332,28.1004,74.59,25,88,7.76,SS,1639706436
Puerto Ayora,-0.7393,-90.3518,69.55,95,70,1.01,EC,1639706429
São Mateus do Maranhão,-4.0417,-44.475,75.51,92,42,4.07,BR,1639706436
Gornopravdinsk,60.05,69.9,16.03,97,100,3.33,RU,1639706438
Burns Lake,54.2331,-125.7533,8.94,96,45,2.8,CA,1639706438
La Crosse,43.8014,-91.2396,25.03,68,1,5.99,US,1639706439
Qujing,25.4833,103.7833,46.17,82,100,8.37,CN,1639706439
Sirte,31.2089,16.5887,57.69,72,100,3.78,LY,1639706439
Sørland,67.667,12.6934,43.39,68,76,18.32,NO,1639706440
Marsh Harbour,26.5412,-77.0636,76.01,68,0,12.75,BS,1639706440
Mahibadhoo,3.7833,72.9667,81.19,76,99,9.24,MV,1639706440
Wanaka,-44.7,169.15,64.11,53,69,4.0,NZ,1639706411
Shumskiy,54.8318,99.1328,15.94,73,100,7.05,RU,1639706443
Urengoy,65.9667,78.3667,-32.26,100,98,5.12,RU,1639706444
Sitka,57.0531,-135.33,28.8,78,100,5.68,US,1639706444
Nishihara,26.1842,127.7558,69.08,73,75,26.46,JP,1639706389
Yulara,-25.2406,130.9889,103.53,12,29,12.64,AU,1639706431
Skodje,62.5021,6.7034,41.36,90,100,7.52,NO,1639706447
Znamensk,48.5842,45.7338,32.32,95,2,6.06,RU,1639706448
Ampanihy,-24.7,44.75,74.95,78,100,5.64,MG,1639706448
Dudinka,69.4058,86.1778,-40.7,100,51,2.93,RU,1639706449
Cherskiy,68.75,161.3,-19.64,98,100,2.98,RU,1639706449
Tete,-16.1564,33.5867,81.21,60,98,5.53,MZ,1639706450
Tezu,27.9167,96.1667,63.61,37,99,1.14,IN,1639706450
Sangar,63.9242,127.4739,-39.3,96,98,4.03,RU,1639706450
Rocha,-34.4833,-54.3333,59.79,92,25,6.22,UY,1639706451
Iquitos,-3.7481,-73.2472,74.71,98,100,2.06,PE,1639706451
Mohpa,21.3167,78.8167,56.55,56,54,1.59,IN,1639706452
Kavaratti,10.5669,72.642,82.22,73,8,12.41,IN,1639706512
Malakal,9.5334,31.6605,78.48,24,96,8.61,SS,1639706512
Port Hardy,50.6996,-127.4199,38.75,74,25,6.4,CA,1639706513
Swellendam,-34.0226,20.4417,53.73,84,0,11.54,ZA,1639706513
Manokwari,-0.8667,134.0833,80.24,82,100,6.04,ID,1639706279
Bulawayo,-20.15,28.5833,64.49,91,100,12.3,ZW,1639706514
Nizhniy Chir,48.3597,43.0865,31.77,95,32,5.39,RU,1639706516
Belmonte,-15.8631,-38.8828,76.41,88,63,7.38,BR,1639706516
Saint-Philippe,-21.3585,55.7679,74.52,76,6,5.84,RE,1639706298
Baharly,38.4362,57.4316,44.76,29,0,4.27,TM,1639706517
Esperance,-33.8667,121.9,75.04,55,3,19.22,AU,1639706438
Sorong,-0.8833,131.25,85.19,69,90,5.79,ID,1639706517
Hargeisa,9.56,44.065,60.67,87,75,11.12,SO,1639706517
Mossamedes,-15.1961,12.1522,65.82,80,56,4.7,AO,1639706518
Amalāpuram,16.5833,82.0167,71.98,74,54,4.07,IN,1639706466
Give,55.8398,9.25,41.86,100,90,10.36,DK,1639706519
Chui,-33.6971,-53.4616,64.62,83,19,10.78,UY,1639706519
Egvekinot,66.3167,-179.1667,-10.95,87,99,10.96,RU,1639706519
Norman Wells,65.282,-126.8329,-24.7,93,28,8.23,CA,1639706494
Petropavlovsk-Kamchatskiy,53.0452,158.6483,10.99,67,75,4.47,RU,1639706519
Vila Velha,-20.3297,-40.2925,77.95,84,82,10.0,BR,1639706520
Itaquaquecetuba,-23.4861,-46.3483,71.71,96,90,2.15,BR,1639706520
Saint-Augustin,51.226,-58.6502,21.18,79,100,2.66,CA,1639706520
Thinadhoo,0.5333,72.9333,80.62,79,88,7.05,MV,1639706521
Lüderitz,-26.6481,15.1594,60.15,75,97,14.47,NA,1639706432
Isangel,-19.55,169.2667,80.51,50,1,13.82,VU,1639706521
Poum,-20.2333,164.0167,78.1,71,54,14.05,NC,1639706521
Champasak,14.75,106.0,82.58,62,54,1.12,LA,1639706522
Kruisfontein,-34.0033,24.7314,53.89,71,98,5.88,ZA,1639706361
Wamba,8.9333,8.6,71.22,27,70,4.94,NG,1639706524
Khatanga,71.9667,102.5,-15.41,99,100,4.72,RU,1639706434
Boa Vista,2.8197,-60.6733,82.38,69,40,10.36,BR,1639706524
Saldanha,-33.0117,17.9442,60.57,64,0,16.46,ZA,1639706342
Esso,55.9333,158.7,2.68,95,88,2.48,RU,1639706525
Northam,51.0333,-4.2167,45.93,86,0,6.98,GB,1639706526
Yar-Sale,66.8333,70.8333,-8.86,90,100,8.88,RU,1639706526
Rome,43.2128,-75.4557,61.38,64,100,7.0,US,1639706408
Totness,5.8833,-56.3167,76.78,90,100,7.43,SR,1639706526
Monrovia,6.3005,-10.7969,79.41,81,64,5.75,LR,1639706527
Burnie,-41.0667,145.9167,67.95,53,57,7.34,AU,1639706527
Marsabit,2.3284,37.9899,63.09,89,100,14.18,KE,1639706528
Port Hedland,-20.3167,118.5667,95.05,52,0,16.11,AU,1639706488
Cidreira,-30.1811,-50.2056,68.36,91,22,9.35,BR,1639706427
Chacabuco,-34.6417,-60.4739,67.8,68,0,11.99,AR,1639706438
Vardø,70.3705,31.1107,36.19,81,100,13.31,NO,1639706529
Eureka,40.8021,-124.1637,46.13,91,28,3.74,US,1639706529
Ambilobe,-13.2,49.05,71.8,90,0,3.36,MG,1639706529
Nyagan,62.1406,65.3936,10.0,97,100,2.86,RU,1639706530
Pilibanga,29.4916,74.079,48.49,40,0,4.47,IN,1639706530
Flinders,-34.5833,150.8552,74.64,70,27,10.8,AU,1639706530
Alta,69.9689,23.2717,27.66,100,90,3.44,NO,1639706590
Zonguldak,41.25,31.8333,32.77,90,90,6.51,TR,1639706591
Clyde River,70.4692,-68.5914,-27.6,89,20,2.98,CA,1639706533
Suffolk,40.8668,-72.7996,54.59,81,1,7.0,US,1639706591
Kahului,20.8947,-156.47,77.68,77,20,14.97,US,1639706591
Condado,21.8767,-79.8403,75.36,90,19,9.42,CU,1639706592
Trairi,-3.2778,-39.2689,80.8,75,3,14.74,BR,1639706455
Hofn,64.2539,-15.2082,43.02,82,28,19.57,IS,1639706592
Rockport,28.0206,-97.0544,73.8,95,1,5.01,US,1639706592
Tiruchchendur,8.4833,78.1167,80.89,78,75,16.46,IN,1639706593
Souillac,-20.5167,57.5167,75.36,83,7,7.36,MU,1639706502
Altay,47.8667,88.1167,5.2,80,95,6.51,CN,1639706593
Kapuskasing,49.4169,-82.4331,32.09,100,90,13.8,CA,1639706593
Nanortalik,60.1432,-45.2371,23.52,80,100,10.09,GL,1639706594
Impfondo,1.6381,18.0667,71.71,95,98,1.74,CG,1639706594
Pevek,69.7008,170.3133,-7.73,87,100,2.13,RU,1639706490
Sisimiut,66.9395,-53.6735,10.6,85,87,10.04,GL,1639706594
Mar del Plata,-38.0023,-57.5575,68.09,85,3,5.01,AR,1639706595
Lukulu,-14.3707,23.242,64.42,94,100,3.94,ZM,1639706595
Fairbanks,64.8378,-147.7164,2.71,80,90,0.0,US,1639706485
Shihezi,44.3,86.0333,13.55,96,95,1.39,CN,1639706417
Dikson,73.5069,80.5464,-24.02,99,24,7.65,RU,1639706596
Giohar,2.7809,45.5005,74.84,86,37,10.63,SO,1639706596
Lethem,3.3803,-59.7968,79.97,71,98,10.2,GY,1639706596
Yārāda,17.65,83.2667,66.52,82,40,3.44,IN,1639706597
Gazli,40.1333,63.45,34.88,60,4,10.45,UZ,1639706597
Avarua,-21.2078,-159.775,84.25,70,20,11.5,CK,1639706597
Prado,-17.3411,-39.2208,75.25,92,73,7.94,BR,1639706597
Asău,46.4333,26.4,38.3,91,96,4.23,RO,1639706598
Verkh-Usugli,52.7,115.1667,-9.89,87,71,2.53,RU,1639706598
Carahue,-38.7,-73.1667,59.2,84,0,3.06,CL,1639706598
Tual,-5.6667,132.75,84.11,73,82,6.49,ID,1639706598
Bambous Virieux,-20.3428,57.7575,75.22,79,26,8.08,MU,1639706599
Vredendal,-31.6683,18.5012,66.34,46,0,22.5,ZA,1639706599
Goderich,43.7501,-81.7165,40.17,66,6,31.29,CA,1639706570
High Rock,26.6208,-78.2833,66.22,71,13,12.88,BS,1639706600
Mount Isa,-20.7333,139.5,100.17,25,5,5.75,AU,1639706405
Banda Aceh,5.5577,95.3222,80.92,81,100,8.32,ID,1639706600
Cayenne,4.9333,-52.3333,81.09,87,40,3.0,GF,1639706593
Ouagadougou,12.3642,-1.5383,73.13,15,72,9.6,BF,1639706600
Pedernales,18.0384,-71.744,77.4,65,7,6.89,DO,1639706601
Katsuura,35.1333,140.3,52.18,87,82,9.91,JP,1639706530
Barra do Garças,-15.89,-52.2567,71.74,99,100,4.07,BR,1639706601
Boston,42.3584,-71.0598,54.63,70,100,4.0,US,1639706337
Mahrīz,31.5917,54.4318,42.85,34,66,2.66,IR,1639706603
Glasgow,55.8652,-4.2576,44.6,96,90,1.14,GB,1639706569
Dengzhou,37.8086,120.7508,27.3,51,100,28.32,CN,1639706603
Saskylakh,71.9167,114.0833,-32.73,100,70,2.73,RU,1639706603
Louiseville,46.2559,-72.9415,58.8,98,100,9.01,CA,1639706604
Phuket,8.0,98.25,82.62,69,40,2.3,TH,1639706464
Los Llanos de Aridane,28.6585,-17.9182,57.13,79,20,7.0,ES,1639706596
Hohhot,40.8106,111.6522,6.31,39,0,4.38,CN,1639706629
Talnakh,69.4865,88.3972,-33.57,99,53,0.81,RU,1639706665
Mehamn,71.0357,27.8492,29.05,91,93,4.25,NO,1639706666
Villarrica,-25.75,-56.4333,80.55,42,0,7.9,PY,1639706606
Ancud,-41.8697,-73.8203,53.13,88,0,4.5,CL,1639706640
Gazojak,41.1875,61.4036,34.54,65,2,12.57,TM,1639706667
Fasa,28.9383,53.6482,45.75,51,99,0.89,IR,1639706646
Constitución,-35.3333,-72.4167,56.64,82,65,3.31,CL,1639706647
San Quintín,30.4833,-115.95,56.75,74,0,20.92,MX,1639706667
Torbay,47.6666,-52.7314,17.28,65,9,4.7,CA,1639706668
Hamilton,39.1834,-84.5333,47.79,91,20,4.0,US,1639706591
Alofi,-19.0595,-169.9187,85.89,70,75,9.22,NU,1639706668
Wangqing,43.3218,129.7634,5.31,53,34,11.81,CN,1639706668
Kongsberg,59.6652,9.6465,25.29,89,60,4.07,NO,1639706669
Svecha,58.2785,47.5164,28.65,98,100,4.65,RU,1639706669
Songjianghe,42.1859,127.479,-0.17,71,100,11.05,CN,1639706669
Tongchuanshi,35.0806,109.0897,28.96,29,100,4.36,CN,1639706628
Melfort,52.8667,-104.6177,-12.15,99,85,5.64,CA,1639706670
Liku,-0.7275,119.8922,88.84,57,73,2.86,ID,1639706670
Sinnamary,5.3833,-52.95,76.91,91,89,6.78,GF,1639706670
La Libertad,-2.2333,-80.9,71.53,84,100,11.12,EC,1639706626
Ōhara,35.25,140.3833,47.16,85,97,9.93,JP,1639706671
Husum,54.4858,9.0524,41.77,91,5,6.58,DE,1639706593
Cuauhtémoc,28.4167,-106.8667,55.94,28,100,7.87,MX,1639706671
Ilulissat,69.2167,-51.1,15.82,73,75,11.5,GL,1639706671
Qandala,11.472,49.8728,75.97,83,64,11.1,SO,1639706672
Laas,46.6166,10.7002,32.36,62,12,3.2,IT,1639706672
Marzuq,14.4,46.4667,56.77,61,23,1.86,YE,1639706673
Fort Saint James,54.4333,-124.25,3.51,90,80,3.42,CA,1639706673
Mahina,-17.5065,-149.489,85.77,66,75,2.3,PF,1639706673
Saint Paul Harbor,57.79,-152.4072,31.77,91,100,8.12,US,1639706423
Abalak,58.1286,68.5944,21.43,96,100,5.75,RU,1639706674
Verāval,20.9,70.3667,63.09,42,6,14.45,IN,1639706674
Inhambane,-23.865,35.3833,73.17,90,100,9.6,MZ,1639706675
Karpathos,35.507,27.2132,51.76,76,36,18.41,GR,1639706675
São João da Barra,-21.6403,-41.0511,75.78,92,100,8.19,BR,1639706668
Ixtapa,20.7,-105.2,74.23,87,23,1.01,MX,1639706643
Atar,20.5169,-13.0499,67.8,20,7,2.71,MR,1639706676
Anadyr,64.75,177.4833,-5.01,76,20,8.01,RU,1639706381
Colwyn Bay,53.2948,-3.7267,47.64,88,0,3.0,GB,1639706677
Vila,42.0304,-8.1588,45.12,51,48,6.64,PT,1639706678
Solnechnyy,50.7214,136.6319,-14.22,85,100,3.74,RU,1639706678
San Cristobal,7.7669,-72.225,68.18,97,100,0.6,VE,1639706601
Moindou,-21.6924,165.677,84.15,56,14,11.23,NC,1639706678
Mana,5.6592,-53.7767,77.16,88,95,6.58,GF,1639706679
Vila Franca do Campo,37.7167,-25.4333,65.19,85,100,19.15,PT,1639706628
Timaru,-44.4,171.25,55.31,82,100,7.43,NZ,1639706407
Hiratachō,35.4333,132.8167,47.79,59,78,26.89,JP,1639706582
Dabat,12.9842,37.765,51.89,41,9,4.54,ET,1639706680
Pitanga,-24.7572,-51.7614,66.45,96,99,3.06,BR,1639706653
Nabire,-3.3667,135.4833,74.17,97,100,2.33,ID,1639706740
Carballo,43.213,-8.691,43.95,73,12,3.18,ES,1639706740
Artyom,40.4723,50.333,48.34,89,100,11.1,AZ,1639706741
Dibulla,11.2725,-73.3091,78.53,78,100,12.77,CO,1639706742
Tuatapere,-46.1333,167.6833,61.83,57,51,15.57,NZ,1639706500
Adrar,20.5022,-10.0711,71.51,23,100,1.21,MR,1639706498
Hong Kong,22.2855,114.1577,74.01,73,100,1.99,HK,1639706668
Forsytheganj,52.6333,29.7333,35.65,84,100,10.04,BY,1639706744
Ostrovnoy,68.0531,39.5131,28.67,94,100,10.63,RU,1639706744
Mahébourg,-20.4081,57.7,75.25,80,18,8.21,MU,1639706744
Makkah al Mukarramah,21.4267,39.8261,71.42,82,100,3.38,SA,1639706745
Coahuayana Viejo,18.7333,-103.6833,74.73,91,11,0.45,MX,1639706745
Ende,-8.8432,121.6623,88.11,64,64,2.86,ID,1639706599
Araouane,18.9048,-3.5265,73.83,20,41,9.64,ML,1639706746
Taoudenni,22.6783,-3.9836,74.77,25,6,7.25,ML,1639706747
Bandarbeyla,9.4942,50.8122,76.89,80,100,13.98,SO,1639706636
Arraial do Cabo,-22.9661,-42.0278,76.59,89,86,6.44,BR,1639706653
Chingirlau,51.095,54.0814,21.56,97,57,5.03,KZ,1639706748
Walvis Bay,-22.9575,14.5053,56.08,90,0,2.89,NA,1639706703
Hithadhoo,-0.6,73.0833,82.02,74,77,5.73,MV,1639706749
Safaga,26.7292,33.9365,62.35,51,100,11.61,EG,1639706749
Saint-Joseph,-21.3667,55.6167,73.08,77,26,3.42,RE,1639706749
Dunedin,-45.8742,170.5036,56.8,77,39,5.99,NZ,1639706749
Am Timan,11.0297,20.2827,73.69,31,99,5.19,TD,1639706750
Navahrudak,53.6,25.8333,34.11,90,100,13.96,BY,1639706667
Bundaberg,-24.85,152.35,86.22,53,4,5.99,AU,1639706751
Boden,65.8252,21.6886,35.6,69,59,12.41,SE,1639706605
Chimbote,-9.0853,-78.5783,68.04,82,56,6.04,PE,1639706752
Bethel,41.3712,-73.414,54.46,63,100,4.0,US,1639706753
Mandalgovi,45.7625,106.2708,-1.01,74,12,9.86,MN,1639706753
Lorengau,-2.0226,147.2712,84.29,73,100,2.42,PG,1639706753
Lokosovo,61.1333,74.8167,10.11,96,100,5.99,RU,1639706753
Costa Rica,-23.4167,-54.65,78.93,65,3,4.74,BR,1639706754
Nizwá,22.9333,57.5333,58.87,58,53,1.9,OM,1639706592
Ust-Kuyga,70.0167,135.6,-48.17,100,99,1.07,RU,1639706754
Humberto de Campos,-2.5983,-43.4611,79.48,82,86,7.92,BR,1639706755
Hope,33.6671,-93.5916,65.59,97,90,1.61,US,1639706755
Zunyi,27.6867,106.9072,41.9,92,100,8.86,CN,1639706628
Staritsa,56.5075,34.9354,32.58,96,100,5.73,RU,1639706756
Salalah,17.0151,54.0924,71.69,60,0,6.91,OM,1639706756
Porto-Novo,6.4965,2.6036,77.92,86,30,3.53,BJ,1639706756
Pisco,-13.7,-76.2167,68.05,77,0,11.5,PE,1639706757
Buluang,13.3068,123.3425,80.92,87,100,10.09,PH,1639706757
Beloha,-25.1667,45.05,72.95,90,48,6.24,MG,1639706757
Taungdwingyi,20.0167,95.55,68.16,61,9,6.26,MM,1639706703
Līsakovsk,52.5369,62.4936,27.12,92,100,12.19,KZ,1639706758
Abadan,38.0507,58.2056,43.11,30,7,1.88,TM,1639706616
Dayong,25.0209,118.2898,68.9,83,96,5.64,CN,1639706758
Kodinsk,58.6881,99.1844,12.04,94,100,7.0,RU,1639706758
Codrington,-38.2667,141.9667,87.82,19,100,8.7,AU,1639706819
Turbat,26.0023,63.044,54.5,16,1,9.33,PK,1639706819
Horn Lake,34.9554,-90.0348,54.72,92,90,8.99,US,1639706652
Peace River,56.2501,-117.286,-9.83,97,66,1.5,CA,1639706820
Constantine,36.365,6.6147,42.08,73,0,1.48,DZ,1639706607
Laguna,38.421,-121.4238,46.45,87,1,3.0,US,1639706821
Shingū,33.7333,135.9833,56.32,65,72,12.19,JP,1639706821
Geraldton,-28.7667,114.6,73.81,53,75,11.5,AU,1639706822
Huambo,-12.7761,15.7392,60.64,98,100,4.47,AO,1639706602
La Ronge,55.1001,-105.2842,-14.71,99,15,5.35,CA,1639706700
Natal,-5.795,-35.2094,79.45,83,40,4.61,BR,1639706611
Port-Gentil,-0.7193,8.7815,79.41,79,100,7.14,GA,1639706823
Broome,42.2506,-75.833,58.57,60,90,1.99,US,1639706823
Lata,40.1629,-8.3327,50.27,70,2,5.93,PT,1639706823
Okhotsk,59.3833,143.3,-6.86,83,100,14.61,RU,1639706823
Gavrilovka,49.9833,36.05,32.4,100,90,6.71,UA,1639706824
Qui Nhon,13.7667,109.2333,75.7,86,100,13.82,VN,1639706762
Planeta Rica,8.4147,-75.5883,76.75,92,100,9.22,CO,1639706824
Elko,41.0002,-115.5012,24.82,93,9,4.97,US,1639706824
Kifrī,34.6959,44.9661,58.66,68,100,8.48,IQ,1639706682
College,64.8569,-147.8028,2.62,81,90,0.0,US,1639706825
Leningradskiy,69.3833,178.4167,-16.56,98,100,1.16,RU,1639706825
São Filipe,14.8961,-24.4956,73.83,73,73,4.59,CV,1639706663
Sambalpur,21.45,83.9667,61.56,61,94,3.51,IN,1639706818
Mata,40.683,-7.4592,45.81,78,4,4.29,PT,1639706826
Turukhansk,65.8167,87.9833,-24.43,100,100,2.91,RU,1639706827
Deputatsky,69.3,139.9,-35.03,94,93,3.04,RU,1639706827
Alexandria,31.2156,29.9553,61.23,60,92,15.17,EG,1639706827
Natitingou,10.3042,1.3796,72.19,16,3,8.57,BJ,1639706667
Te Anau,-45.4167,167.7167,61.54,42,39,11.03,NZ,1639706829
Salinópolis,-0.6136,-47.3561,80.26,82,100,9.48,BR,1639706668
Corpus Christi,27.8006,-97.3964,73.8,89,75,8.99,US,1639706724
Kieta,-6.2167,155.6333,84.92,78,82,7.61,PG,1639706830
Morondava,-20.2833,44.2833,76.77,83,91,6.17,MG,1639706831
Quetta,30.199,67.0097,27.9,22,6,0.22,PK,1639706630
Esmeraldas,-19.7625,-44.3139,72.46,97,100,5.46,BR,1639706831
San Isidro,-12.1167,-77.05,66.45,86,40,3.0,PE,1639706831
Caravelas,-17.7125,-39.2481,76.24,88,96,7.52,BR,1639706832
Hasaki,35.7333,140.8333,47.23,87,100,13.49,JP,1639706809
Charters Towers,-20.1,146.2667,91.45,30,1,11.21,AU,1639706832
Honningsvåg,70.9821,25.9704,35.29,75,58,1.48,NO,1639706833
Berlevåg,70.8578,29.0864,35.53,78,100,3.78,NO,1639706564
Kalmunai,7.4167,81.8167,77.07,88,100,7.85,LK,1639706709
Boguchany,58.3814,97.4531,12.51,93,100,7.4,RU,1639706833
Calama,-22.4667,-68.9333,59.49,29,75,9.22,CL,1639706616
Mitchell,43.7094,-98.0298,20.35,78,1,1.99,US,1639706657
Petauke,-14.2426,31.3253,73.0,58,100,2.59,ZM,1639706713
Pontianak,-0.0333,109.3333,81.99,83,75,4.61,ID,1639706632
Kidal,18.4411,1.4078,69.62,19,85,9.24,ML,1639706664
Bonavista,48.6499,-53.1147,18.12,65,62,5.26,CA,1639706835
Sambava,-14.2667,50.1667,73.87,89,4,7.2,MG,1639706895
Havelock,34.8791,-76.9013,60.91,91,1,1.01,US,1639706895
Paredon,16.0333,-93.8667,79.09,73,0,4.74,MX,1639706896
Necochea,-38.5473,-58.7368,72.03,53,5,14.92,AR,1639706896
Ponta Delgada,37.7333,-25.6667,65.12,82,40,17.27,PT,1639706897
Manicoré,-5.8092,-61.3003,75.49,94,94,1.83,BR,1639706897
Guerrero Negro,27.9769,-114.0611,61.12,57,100,15.17,MX,1639706897
Sretensk,52.2453,117.7093,-15.05,88,47,1.81,RU,1639706897
Arrondissement de Lannion,48.75,-3.4167,47.97,76,90,11.5,FR,1639706898
Shetpe,44.1667,52.1167,37.67,73,24,2.91,KZ,1639706898
Santiago,-33.4569,-70.6483,67.86,51,0,10.36,CL,1639706898
Viking,53.1001,-111.7684,-3.48,98,100,7.02,CA,1639706898
Vao,-22.6667,167.4833,74.95,63,0,9.01,NC,1639706640
Sirajganj,24.45,89.7167,66.72,67,31,8.39,BD,1639706800
Ikalamavony,-21.15,46.5833,65.93,84,47,3.67,MG,1639706702
Melville,40.7934,-73.4151,55.04,69,1,4.0,US,1639706899
Vinkovci,45.2883,18.8047,43.29,93,75,11.5,HR,1639706900
San Patricio,28.017,-97.5169,73.49,82,99,14.83,US,1639706764
Belaya Gora,68.5333,146.4167,-24.41,98,100,3.47,RU,1639706900
Rāwatsār,29.2833,74.3833,49.69,39,0,5.77,IN,1639706679
Opuwo,-18.0607,13.84,68.27,37,4,4.76,NA,1639706901
Klaksvík,62.2266,-6.589,47.32,95,100,16.24,FO,1639706901
Kismayo,-0.3582,42.5454,79.45,83,62,10.96,SO,1639706709
Cabedelo,-6.9811,-34.8339,79.63,79,6,11.52,BR,1639706902
Kabinda,-6.1333,24.4833,65.68,99,100,3.4,CD,1639706669
Saint Anthony,45.0205,-93.218,17.19,74,1,4.0,US,1639706892
Ruteng,-8.6136,120.4721,77.22,59,60,1.07,ID,1639706682
Ust'-Karsk,52.7011,118.8077,-13.56,86,100,2.04,RU,1639706903
Riverton,40.5219,-111.9391,30.0,93,90,11.5,US,1639706634
Springbok,-29.6643,17.8865,63.36,30,12,28.27,ZA,1639706665
Zhongxing,33.7039,118.6792,38.93,38,0,12.3,CN,1639706903
Sobolevo,54.4299,31.8996,32.59,98,100,7.45,RU,1639706904
Evensk,61.95,159.2333,-11.49,79,16,8.77,RU,1639706905
General Roca,-39.0333,-67.5833,68.63,66,27,18.12,AR,1639706905
Aitape,-3.1374,142.3475,80.85,85,98,4.38,PG,1639706905
Oktyabr'skoye,43.0645,44.7417,30.34,100,89,2.24,RU,1639706905
Bilibino,68.0546,166.4372,-11.74,100,100,0.94,RU,1639706906
Chapais,49.7834,-74.8492,44.38,89,100,19.6,CA,1639706906
Palmer,42.1584,-72.3287,52.99,60,75,1.01,US,1639706906
La Santisima Trinidad,-14.8333,-64.9,73.29,95,100,2.89,BO,1639706907
Coos Bay,43.3665,-124.2179,46.13,99,90,0.0,US,1639706907
Falam,22.9167,93.6833,54.88,76,100,0.87,MM,1639706907
Meulaboh,4.1363,96.1285,78.13,89,100,4.27,ID,1639706660
Amapá,1.0,-52.0,72.79,99,100,2.08,BR,1639706640
Lieksa,63.3167,30.0167,21.15,97,31,6.2,FI,1639706908
Khovu-Aksy,51.1333,93.6,-3.98,89,100,4.16,RU,1639706908
Iskateley,67.6803,53.1512,16.29,95,100,7.18,RU,1639706908
Longyearbyen,78.2186,15.6401,21.04,79,45,3.44,SJ,1639706709
Pozo Colorado,-23.4923,-58.7972,83.97,38,98,6.93,PY,1639706909
Bontang,0.1333,117.5,82.67,78,100,7.87,ID,1639706650
Klyuchi,52.2667,79.1667,24.39,76,100,15.3,RU,1639706970
Brooks,50.5834,-111.8851,0.03,83,100,13.42,CA,1639706970
Orahovac,42.3994,20.6547,38.84,80,98,1.57,XK,1639706970
Huilong,31.8111,121.655,45.99,43,1,20.69,CN,1639706971
Palāsa,18.7667,84.4167,66.52,61,14,4.72,IN,1639706971
Rio Grande,-32.035,-52.0986,65.95,88,13,17.56,BR,1639706971
Udachny,66.4167,112.4,-29.56,81,100,2.89,RU,1639706708
Ericeira,38.9627,-9.4156,52.25,71,33,13.94,PT,1639706972
Konëvo,62.1215,39.3192,26.85,97,97,5.66,RU,1639706972
Amet,25.3,73.9333,48.58,35,35,7.47,IN,1639706736
Caucayá,-0.1934,-74.7819,74.21,97,89,2.1,CO,1639706972
Mariveles,14.4833,120.4833,79.88,74,100,21.23,PH,1639706973
Odienné,9.51,-7.5692,76.46,52,100,2.64,CI,1639706973
Hualmay,-11.0964,-77.6139,68.68,82,31,9.08,PE,1639706973
Mumford,5.2618,-0.759,80.24,85,12,6.29,GH,1639706974
Mtwara,-10.2667,40.1833,79.2,75,88,6.78,TZ,1639706974
Trincomalee,8.5711,81.2335,78.71,85,100,7.63,LK,1639706974
Coquimbo,-29.9533,-71.3436,58.73,88,0,4.61,CL,1639706887
Ahipara,-35.1667,173.1667,68.43,69,48,14.58,NZ,1639706975
Hirara,24.8,125.2833,71.58,75,90,28.43,JP,1639706843
Luanda,-8.8368,13.2343,76.73,85,100,5.48,AO,1639706976
Buraidah,26.326,43.975,63.54,26,92,10.18,SA,1639706976
Pāvilosta,56.8879,21.1859,40.91,79,10,21.72,LV,1639706976
Haimen,23.1935,116.6142,68.2,83,97,15.75,CN,1639706977
Susanville,40.4163,-120.653,28.24,100,1,0.0,US,1639706977
Sinnai,39.3042,9.2036,45.9,76,0,5.75,IT,1639706977
Sioux Lookout,50.1001,-91.917,3.58,88,100,12.68,CA,1639706978
La Macarena,2.1837,-73.7849,73.89,92,74,2.3,CO,1639706978
Tambacounda,13.7539,-13.7586,82.69,15,100,9.24,SN,1639706978
Ketchikan,55.3422,-131.6461,21.67,86,1,3.44,US,1639706978
Göksun,38.021,36.4973,27.55,98,96,0.6,TR,1639706979
Galle,6.0367,80.217,79.3,81,55,2.19,LK,1639706979
Gudalur,9.6833,77.2667,69.87,89,69,1.77,IN,1639706980
Ramon,16.7842,121.535,73.89,90,99,3.2,PH,1639706707
Rockhampton,-23.3833,150.5,85.89,48,20,10.36,AU,1639706744
Kropotkin,45.4375,40.5756,41.47,86,99,2.48,RU,1639706981
Plainview,40.7765,-73.4673,55.15,69,1,1.99,US,1639706954
Henties Bay,-22.116,14.2845,55.85,92,25,4.38,NA,1639706981
Rugby,52.3709,-1.2642,46.42,89,1,2.19,GB,1639706982
Vieste,41.8825,16.175,53.06,66,14,16.06,IT,1639706982
Iqaluit,63.7506,-68.5145,4.69,77,90,17.0,CA,1639706982
Djambala,-2.5447,14.7533,66.02,97,100,2.39,CG,1639706982
Rawson,-43.3002,-65.1023,65.35,72,42,10.2,AR,1639706983
Torrington,41.8007,-73.1212,53.96,63,100,1.01,US,1639706983
San-Pédro,4.7485,-6.6363,78.08,85,70,6.15,CI,1639706984
Nemuro,43.3236,145.575,37.44,90,100,1.9,JP,1639706854
Puqi,29.7167,113.8833,50.14,30,5,13.6,CN,1639706764
San Francisco,37.7749,-122.4194,49.42,82,20,1.01,US,1639706963
Boende,-0.2167,20.8667,70.81,98,100,2.59,CD,1639706985
Cortes,41.9395,-1.4396,36.63,75,3,2.01,ES,1639706985
Pringsewu,-5.3582,104.9744,83.52,73,100,6.35,ID,1639707046
Faya,18.3851,42.4509,46.92,69,48,3.13,SA,1639706827
Borogontsy,62.6683,131.1683,-30.91,95,100,2.89,RU,1639707047
Yining,29.0361,114.5636,51.67,46,97,4.25,CN,1639707047
Greystones,53.1408,-6.0631,47.5,86,0,5.23,IE,1639707047
Labuhan,-6.8844,112.2051,83.68,74,100,2.86,ID,1639707047
Ati,13.2154,18.3353,68.0,28,85,12.3,TD,1639707048
Behbahān,30.5959,50.2417,62.33,43,99,5.28,IR,1639707048
Yurimaguas,-5.9,-76.0833,74.77,93,78,3.02,PE,1639707048
Lucapa,-8.4192,20.7447,64.26,98,100,1.92,AO,1639707048
City of San Pedro,14.35,121.0167,85.19,71,100,18.57,PH,1639707049
Chaiyo,14.6764,100.4686,79.66,56,12,8.72,TH,1639707050
Champerico,14.3,-91.9167,81.09,73,96,6.87,GT,1639707050
Kargasok,59.0556,80.8572,10.51,96,100,6.11,RU,1639707050
Pudozh,61.8099,36.5345,26.74,98,97,4.74,RU,1639707051
Novikovo,51.1537,37.8879,33.55,98,100,4.32,RU,1639707051
North Bend,43.4065,-124.2243,45.63,99,90,0.0,US,1639707051
Yeniseysk,58.4497,92.1703,4.75,98,100,2.46,RU,1639707051
Eyl,7.9803,49.8164,75.31,85,100,14.85,SO,1639707052
Assiut,27.181,31.1837,51.4,53,96,7.14,EG,1639707053
Borşa,47.6553,24.6633,31.91,99,100,2.8,RO,1639707053
Galveston,29.3669,-94.9669,71.67,93,1,1.01,US,1639707053
Port Moresby,-9.4431,147.1797,85.71,70,98,6.82,PG,1639707053
Verkhnevilyuysk,63.4453,120.3167,-27.4,100,74,2.53,RU,1639707054
Acapulco de Juárez,16.8634,-99.8901,80.42,83,1,0.0,MX,1639707055
Muros,42.7762,-9.0603,49.35,70,5,5.1,ES,1639707055
Ust'-Kut,56.7938,105.7672,7.52,94,100,6.93,RU,1639707021
Warrington,53.3925,-2.5802,45.27,92,90,3.44,GB,1639707055
Tooele,40.5308,-112.2983,27.27,100,90,0.0,US,1639707056
Fairfield,41.2668,-73.3162,54.09,70,1,1.99,US,1639707056
Barão de Melgaço,-16.1944,-55.9675,79.32,97,100,3.27,BR,1639707056
Itarema,-2.9248,-39.9167,80.67,79,84,17.02,BR,1639707057
Calvinia,-31.4707,19.776,53.96,59,0,24.99,ZA,1639707057
Arrecife,28.963,-13.5477,66.18,68,0,14.97,ES,1639707057
Makakilo City,21.3469,-158.0858,77.22,67,75,9.22,US,1639707058
Lábrea,-7.2586,-64.7981,75.16,96,100,2.33,BR,1639706890
Chancay,-11.5714,-77.2672,66.27,85,52,6.82,PE,1639707058
Adré,13.4667,22.2,63.23,28,96,14.76,TD,1639707059
Qaqortoq,60.7167,-46.0333,19.9,81,100,2.44,GL,1639707059
Iquique,-20.2208,-70.1431,66.24,78,91,3.67,CL,1639707059
Santoshpur,22.5253,88.265,62.58,45,3,6.22,IN,1639707059
Kumul,42.8,93.45,20.19,53,9,1.39,CN,1639707060
Kiryat Gat,31.61,34.7642,54.3,100,98,6.15,IL,1639707061
Murray Bridge,-35.1167,139.2667,96.26,14,55,16.84,AU,1639707061
Shimokizukuri,40.8061,140.3861,44.62,85,100,9.44,JP,1639706878
Jimma,7.6667,36.8333,59.67,65,100,0.2,ET,1639707061
Georgiyevka,43.0369,74.7114,21.24,100,90,2.24,KZ,1639707062
Lodja,-3.4833,23.4333,66.54,99,96,1.01,CD,1639707062
Bera,24.0833,89.6167,65.1,64,34,7.2,BD,1639707063
Aloleng,16.1307,119.7824,83.59,62,58,7.4,PH,1639707064
Jacareacanga,-6.2222,-57.7528,74.93,98,100,1.97,BR,1639707124
Maniitsoq,65.4167,-52.9,13.37,68,12,7.05,GL,1639707124
Kaspiysk,42.8816,47.6392,44.24,87,90,7.0,RU,1639707124
Kalāleh,37.3807,55.4916,48.94,25,0,9.53,IR,1639707125
Columbus,39.9612,-82.9988,48.67,87,20,11.5,US,1639707125
Feijó,-8.1642,-70.3536,73.85,98,72,1.66,BR,1639707125
Abapó,-18.8333,-63.4667,65.64,83,69,4.61,BO,1639707126
Teahupoo,-17.8333,-149.2667,80.56,77,84,10.94,PF,1639707126
Siderno,38.2779,16.302,49.55,74,8,5.17,IT,1639707126
Vieux-Habitants,16.0589,-61.7659,76.57,74,52,13.18,GP,1639707127
Dongsheng,39.8161,109.9776,7.52,34,0,9.55,CN,1639707127
Russellville,35.2784,-93.1338,52.18,73,1,0.0,US,1639707127
Shāmgarh,24.1833,75.6333,55.96,68,4,10.09,IN,1639707129
Mount Gambier,-37.8333,140.7667,89.22,17,66,7.94,AU,1639707129
Erzin,36.9559,36.2,39.92,73,10,3.78,TR,1639707129
Byron Bay,-28.65,153.6167,74.35,83,35,9.64,AU,1639706990
Juba,4.8517,31.5825,75.85,55,97,3.49,SS,1639707130
Kisanga,-7.4362,37.7034,71.82,96,100,1.1,TZ,1639707130
Enid,36.3956,-97.8784,39.58,58,1,8.05,US,1639707130
Bathsheba,13.2167,-59.5167,79.41,69,40,24.16,BB,1639707131
Rutland,43.6167,-73.0162,53.85,80,100,1.01,US,1639707131
